Cidade,Estado,Temp Max,Temp Min,Umidade,Umidade Min
Abadiânia, GO, 37º, 21º, 52% , 18% 
Alta Floresta do Oeste, RO, 33º, 26º, 73% , 48% 
Alto Horizonte, GO, 39º, 26º, 40% , 19% 
Alto do Rodrigues, RN, 36º, 24º, 79% , 38% 
Alto Paraíso, PR, 32º, 17º, 78% , 31% 
Alto Piquiri, PR, 32º, 17º, 75% , 38% 
Alto Caparaó, MG, 22º, 15º, 92% , 65% 
Alvarenga, MG, 27º, 19º, 80% , 51% 
Almirante Tamandaré, PR, 23º, 11º, 100% , 67% 
Aloândia, GO, 39º, 25º, 52% , 19% 
Alfenas, MG, 30º, 16º, 89% , 45% 
Aguiar, PB, 36º, 23º, 71% , 23% 
Alexandria, RN, 35º, 23º, 73% , 31% 
Aiuruoca, MG, 23º, 12º, 96% , 54% 
Alegrete, RS, 25º, 17º, 92% , 64% 
Alecrim, RS, 28º, 15º, 91% , 69% 
Camamu, BA, 27º, 22º, 97% , 71% 
Cubati, PB, 32º, 19º, 91% , 35% 
Cruzília, MG, 24º, 14º, 89% , 53% 
Cruzeta, RN, 36º, 23º, 77% , 29% 
Cruzeiro do Sul, PR, 32º, 17º, 78% , 32% 
Cruzeiro do Iguaçu, PR, 30º, 17º, 90% , 45% 
Cubatão, SP, 22º, 15º, 98% , 74% 
Cruzeiro da Fortaleza, MG, 34º, 21º, 72% , 28% 
Cruzália, SP, 31º, 17º, 80% , 33% 
Cruzeiro do Sul, AC, 33º, 23º, 100% , 63% 
Cruz Machado, PR, 24º, 12º, 90% , 54% 
Cruzaltense, RS, 26º, 12º, 90% , 47% 
Crucilândia, MG, 27º, 16º, 89% , 47% 
Cruz, CE, 34º, 22º, 93% , 40% 
Cruz Alta, RS, 27º, 13º, 91% , 57% 
Divino, MG, 25º, 11º, 100% , 48% 
Eliseu Martins, PI, 39º, 29º, 42% , 23% 
Engenheiro Caldas, MG, 30º, 23º, 78% , 43% 
Durandé, MG, 24º, 17º, 82% , 59% 
Engenheiro Coelho, SP, 31º, 16º, 83% , 35% 
Erval Velho, SC, 25º, 10º, 91% , 44% 
Icaraí de Minas, MG, 36º, 24º, 69% , 28% 
Icapuí, CE, 28º, 24º, 81% , 66% 
Içara, SC, 25º, 13º, 96% , 60% 
Icaraíma, PR, 33º, 19º, 75% , 35% 
Icó, CE, 39º, 25º, 74% , 23% 
Icatu, MA, 32º, 26º, 87% , 59% 
Ichu, BA, 34º, 21º, 92% , 33% 
Iconha, ES, 24º, 16º, 91% , 55% 
Ibotirama, BA, 38º, 25º, 66% , 24% 
Ibitiúra de Minas, MG, 29º, 13º, 91% , 34% 
Ibiúna, SP, 24º, 12º, 100% , 62% 
Ibitinga, SP, 34º, 17º, 80% , 28% 
Ibitirama, ES, 16º, 12º, 100% , 88% 
Ibititá, BA, 34º, 20º, 85% , 28% 
Ibitiara, BA, 32º, 19º, 85% , 35% 
Itacuruba, PE, 33º, 22º, 84% , 33% 
Ibirubá, RS, 27º, 13º, 89% , 55% 
Itaipé, MG, 26º, 14º, 96% , 48% 
Itaipava do Grajaú, MA, 36º, 24º, 86% , 40% 
Lajeado Grande, SC, 27º, 13º, 89% , 46% 
Lajedão, BA, 26º, 21º, 94% , 63% 
Lajeado, TO, 38º, 26º, 73% , 37% 
Lajedinho, BA, 30º, 19º, 95% , 45% 
Lajeado Novo, MA, 38º, 26º, 69% , 35% 
Lajeado, RS, 25º, 10º, 99% , 65% 
Lajeado do Bugre, RS, 27º, 12º, 94% , 53% 
Laje do Muriaé, RJ, 25º, 18º, 97% , 53% 
Laguna, SC, 23º, 13º, 100% , 73% 
Lagoinha do Piauí, PI, 39º, 25º, 75% , 29% 
Lagoão, RS, 26º, 11º, 93% , 47% 
Laje, BA, 28º, 19º, 100% , 64% 
Mangueirinha, PR, 26º, 13º, 93% , 49% 
Lagoa Vermelha, RS, 25º, 13º, 85% , 55% 
Laguna Carapã, MS, 36º, 20º, 67% , 28% 
Lagoinha, SP, 25º, 15º, 90% , 50% 
Mangaratiba, RJ, 21º, 20º, 80% , 74% 
Marco, CE, 36º, 25º, 87% , 43% 
Pedras de Maria da Cruz, MG, 38º, 24º, 45% , 25% 
Pedreiras, MA, 37º, 25º, 82% , 39% 
Pedro Avelino, RN, 36º, 23º, 83% , 33% 
Pedrinópolis, MG, 34º, 22º, 71% , 30% 
Pedro Alexandre, BA, 32º, 19º, 97% , 39% 
Pedregulho, SP, 35º, 20º, 72% , 18% 
Pedrinhas, SE, 30º, 21º, 96% , 54% 
Pedras de Fogo, PB, 30º, 20º, 94% , 48% 
Pedrão, BA, 31º, 19º, 100% , 49% 
Pedras Altas, RS, 24º, 11º, 92% , 63% 
Pedralva, MG, 28º, 14º, 96% , 36% 
Pedranópolis, SP, 38º, 21º, 67% , 19% 
Pedra Lavrada, PB, 33º, 20º, 88% , 33% 
Pimenta Bueno, RO, 39º, 25º, 74% , 33% 
Pedra Preta, MT, 42º, 28º, 46% , 20% 
Piracanjuba, GO, 39º, 25º, 51% , 18% 
Planalto, RS, 29º, 16º, 88% , 59% 
Piracaia, SP, 28º, 13º, 98% , 50% 
Planalto, BA, 27º, 17º, 97% , 50% 
Santo Antônio do Amparo, MG, 27º, 15º, 89% , 44% 
Santo Antônio do Aracanguá, SP, 35º, 19º, 74% , 29% 
Santo Antônio de Posse, SP, 32º, 15º, 92% , 30% 
Santo Antônio do Descoberto, GO, 37º, 24º, 41% , 21% 
Santo Antônio de Jesus, BA, 27º, 21º, 96% , 72% 
Santo Antônio do Aventureiro, MG, 27º, 17º, 81% , 44% 
Santo Antônio do Caiuá, PR, 33º, 18º, 73% , 27% 
Santo Antônio de Lisboa, PI, 32º, 21º,26%,
Santo Antônio da Patrulha, RS, 22º, 12º, 100% , 68% 
Santo Antônio da Barra, GO, 38º, 26º, 55% , 24% 
Santo Antônio da Alegria, SP, 34º, 19º, 73% , 20% 
Santo Antônio de Goiás, GO, 40º, 23º, 43% , 14% 
Santo Antônio das Missões, RS, 28º, 14º, 91% , 62% 
Santo Antônio da Platina, PR, 29º, 16º, 84% , 39% 
São Julião, PI, 38º, 25º, 67% , 20% 
São José dos Pinhais, PR, 22º, 12º, 100% , 66% 
Santo Antônio, RN, 33º, 20º, 89% , 39% 
São Leopoldo, RS, 24º, 13º, 100% , 62% 
Tramandaí, RS, 21º, 17º, 93% , 80% 
Tracuateua, PA, 33º, 23º, 93% , 57% 
Trabiju, SP, 34º, 17º, 81% , 31% 
Trairão, PA, 34º, 26º, 86% , 61% 
Torres, RS, 20º, 15º, 96% , 87% 
Trairi, CE, 31º, 25º, 86% , 57% 
Torre de Pedra, SP, 29º, 16º, 83% , 42% 
Toropi, RS, 27º, 12º, 90% , 64% 
Torrinha, SP, 31º, 14º, 98% , 33% 
Traipu, AL, 33º, 22º, 92% , 40% 
Urucará, AM, 35º, 26º, 94% , 50% 
Wall Ferraz, PI, 40º, 28º, 47% , 20% 
Uruburetama, CE, 34º, 22º, 95% , 41% 
Toritama, PE, 31º, 17º, 98% , 40% 
Tupandi, RS, 24º, 12º, 93% , 62% 
Xique-Xique, BA, 39º, 24º, 68% , 20% 
Votorantim, SP, 30º, 14º, 92% , 39% 
Wenceslau Guimarães, BA, 27º, 21º, 95% , 67% 
Volta Redonda, RJ, 27º, 15º, 92% , 48% 
Xexéu, PE, 30º, 20º, 95% , 51% 
Xapuri, AC, 37º, 24º, 87% , 43% 
Vitória do Xingu, PA, 35º, 26º, 91% , 53% 
Volta Grande, MG, 27º, 19º, 79% , 48% 
Vitória da Conquista, BA, 25º, 17º, 97% , 59% 
Vista Gaúcha, RS, 27º, 14º, 92% , 56% 
Vitória, ES, 24º, 19º, 82% , 57% 
Viseu, PA, 31º, 26º, 82% , 62% 
Vitória Brasil, SP, 37º, 20º, 68% , 23% 
Vitória de Santo Antão, PE, 29º, 21º, 94% , 55% 
Vista Alegre do Alto, SP, 38º, 19º, 74% , 18% 
Virgem da Lapa, MG, 32º, 20º, 81% , 38% 
Vila Nova do Sul, RS, 24º, 11º, 93% , 67% 
Virmond, PR, 27º, 12º, 92% , 48% 
Vinhedo, SP, 32º, 15º, 94% , 33% 
Vilhena, RO, 35º, 25º, 67% , 42% 
Vila Flores, RS, 25º, 10º, 95% , 49% 
Vila Velha, ES, 24º, 19º, 82% , 57% 
Vigia, PA, 35º, 24º, 95% , 49% 
Vila Bela da Santíssima Trindade, MT, 39º, 27º, 69% , 36% 
Vera, MT, 37º, 24º, 82% , 36% 
Viçosa, MG, 23º, 15º, 96% , 62% 
Viana, MA, 35º, 25º, 87% , 49% 
Vieirópolis, PB, 35º, 23º, 73% , 29% 
Viana, ES, 25º, 20º, 91% , 60% 
Ventania, PR, 25º, 12º, 90% , 49% 
Venha-Ver, RN, 33º, 21º, 82% , 32% 
Várzea Grande, MT, 43º, 29º, 60% , 21% 
Varzedo, BA, 28º, 19º, 100% , 65% 
Várzea, RN, 32º, 22º, 93% , 45% 
Varjota, CE, 37º, 24º, 82% , 30% 
Várzea Paulista, SP, 29º, 14º, 94% , 41% 
Varre-Sai, RJ, 26º, 14º, 94% , 46% 
Vargem Bonita, SC, 25º, 10º, 95% , 54% 
Vargem, SC, 24º, 10º, 92% , 48% 
Vanini, RS, 24º, 10º, 94% , 52% 
Vargem Alegre, MG, 28º, 21º, 73% , 53% 
Valença, RJ, 27º, 16º, 86% , 48% 
Valença, BA, 27º, 22º, 97% , 76% 
Valente, BA, 32º, 20º, 94% , 43% 
Vale do Anari, RO, 36º, 24º, 94% , 47% 
Vale de São Domingos, MT, 37º, 23º, 87% , 37% 
Vale Real, RS, 24º, 11º, 96% , 60% 
Vale do Sol, RS, 24º, 9º, 100% , 70% 
Valinhos, SP, 32º, 15º, 94% , 33% 
Urupá, RO, 36º, 25º, 96% , 46% 
Vacaria, RS, 22º, 9º, 97% , 52% 
Uruguaiana, RS, 27º, 19º, 88% , 64% 
União dos Palmares, AL, 30º, 18º, 99% , 47% 
Urubici, SC, 19º, 6º, 100% , 56% 
Uruçuí, PI, 40º, 26º, 55% , 23% 
Uruará, PA, 35º, 25º, 87% , 50% 
Urânia, SP, 40º, 21º, 65% , 16% 
Uruana, GO, 41º, 26º, 33% , 16% 
União, PI, 39º, 25º, 83% , 31% 
Unaí, MG, 38º, 24º, 54% , 23% 
União de Minas, MG, 38º, 23º, 63% , 24% 
União do Sul, MT, 40º, 25º, 76% , 27% 
Umuarama, PR, 33º, 19º, 72% , 31% 
Uchoa, SP, 36º, 19º, 73% , 25% 
Ubiratã, PR, 32º, 17º, 80% , 31% 
Umarizal, RN, 37º, 23º, 72% , 24% 
Ulianópolis, PA, 37º, 25º, 77% , 40% 
Ubirajara, SP, 34º, 14º, 91% , 23% 
Uberlândia, MG, 37º, 23º, 58% , 19% 
Ubiretama, RS, 28º, 15º, 87% , 58% 
Ubatuba, SP, 20º, 14º, 100% , 81% 
Uberaba, MG, 37º, 22º, 62% , 18% 
Turuçu, RS, 23º, 12º, 93% , 67% 
Turmalina, SP, 38º, 21º, 66% , 23% 
Ubatã, BA, 29º, 21º, 99% , 61% 
Ubaí, MG, 36º, 23º, 70% , 27% 
Uauá, BA, 34º, 20º, 90% , 32% 
Turvelândia, GO, 39º, 26º, 56% , 21% 
Turiúba, SP, 36º, 19º, 76% , 26% 
Tupirama, TO, 40º, 25º, 74% , 27% 
Tuparetama, PE, 35º, 20º, 87% , 25% 
Tupanatinga, PE, 30º, 18º, 94% , 38% 
Tucumã, PA, 36º, 24º, 78% , 43% 
Tuneiras do Oeste, PR, 32º, 16º, 78% , 31% 
Tunas, RS, 27º, 12º, 86% , 47% 
Tuiuti, SP, 27º, 15º, 89% , 48% 
Tucano, BA, 35º, 20º, 94% , 32% 
Trombudo Central, SC, 22º, 9º, 100% , 59% 
Trizidela do Vale, MA, 37º, 25º, 80% , 38% 
Trombas, GO, 40º, 27º, 35% , 18% 
Treze de Maio, SC, 23º, 13º, 93% , 59% 
Triunfo, PB, 36º, 24º, 72% , 28% 
Trindade, GO, 40º, 25º, 41% , 16% 
Triunfo, PE, 32º, 19º, 80% , 32% 
Três Rios, RJ, 28º, 18º, 75% , 40% 
Treviso, SC, 22º, 10º, 96% , 64% 
Três Ranchos, GO, 36º, 25º, 56% , 27% 
Três Passos, RS, 28º, 17º, 82% , 56% 
Três Forquilhas, RS, 22º, 11º, 98% , 65% 
Três Lagoas, MS, 38º, 20º, 69% , 17% 
Três Coroas, RS, 23º, 12º, 92% , 61% 
Três Marias, MG, 36º, 23º, 71% , 24% 
Três Palmeiras, RS, 26º, 13º, 92% , 48% 
Travesseiro, RS, 25º, 10º, 96% , 59% 
Tocos do Moji, MG, 28º, 13º, 94% , 38% 
Tomé-Açú, PA, 37º, 24º, 86% , 45% 
Tomazina, PR, 27º, 15º, 81% , 46% 
Tombos, MG, 23º, 17º, 94% , 62% 
Tomar do Geru, SE, 30º, 21º, 95% , 53% 
Tocantinópolis, TO, 38º, 28º, 70% , 35% 
Três Barras, SC, 22º, 10º, 97% , 61% 
Tocantins, MG, 30º, 15º, 90% , 39% 
Tobias Barreto, SE, 32º, 20º, 99% , 42% 
Timóteo, MG, 32º, 20º, 75% , 35% 
Tiradentes, MG, 25º, 15º, 90% , 52% 
Tocantínia, TO, 40º, 27º, 59% , 24% 
Timburi, SP, 27º, 15º, 84% , 47% 
Timbé do Sul, SC, 23º, 10º, 100% , 68% 
Timbaúba, PE, 30º, 21º, 94% , 50% 
Timon, MA, 40º, 25º, 82% , 26% 
Tijucas do Sul, PR, 20º, 10º, 100% , 59% 
Tigrinhos, SC, 28º, 14º, 86% , 44% 
Tijucas, SC, 22º, 12º, 98% , 69% 
Tietê, SP, 30º, 15º, 92% , 42% 
Tibagi, PR, 26º, 13º, 86% , 47% 
Timbó Grande, SC, 21º, 9º, 95% , 58% 
Tianguá, CE, 33º, 20º, 91% , 40% 
Terra Roxa, PR, 32º, 19º, 75% , 39% 
Teutônia, RS, 25º, 12º, 93% , 64% 
Terra Roxa, SP, 36º, 20º, 71% , 28% 
Terra Santa, PA, 33º, 27º, 92% , 57% 
Terra Boa, PR, 30º, 15º, 84% , 34% 
Terra Nova, PE, 36º, 22º, 78% , 28% 
Terra Alta, PA, 34º, 24º, 89% , 52% 
Teresina de Goiás, GO, 36º, 23º, 41% , 20% 
Terra Nova do Norte, MT, 36º, 24º, 90% , 42% 
Terra de Areia, RS, 22º, 11º, 94% , 64% 
Teresópolis, RJ, 21º, 12º, 99% , 65% 
Terenos, MS, 39º, 26º, 57% , 25% 
Teresina, PI, 39º, 25º, 84% , 26% 
Teodoro Sampaio, BA, 31º, 20º, 97% , 50% 
Tenório, PB, 33º, 20º, 88% , 33% 
Telêmaco Borba, PR, 28º, 13º, 89% , 43% 
Tenente Portela, RS, 28º, 15º, 91% , 54% 
Teotônio Vilela, AL, 30º, 20º, 94% , 51% 
Teolândia, BA, 27º, 21º, 98% , 70% 
Tenente Laurentino Cruz, RN, 35º, 20º, 84% , 29% 
Teixeira de Freitas, BA, 26º, 19º, 87% , 58% 
Teixeira Soares, PR, 25º, 12º, 98% , 54% 
Taubaté, SP, 29º, 15º, 91% , 48% 
Teixeiras, MG, 24º, 16º, 92% , 58% 
Tauá, CE, 36º, 22º, 82% , 33% 
Tavares, PB, 34º, 19º, 87% , 24% 
Tejupá, SP, 26º, 14º, 91% , 47% 
Tatuí, SP, 29º, 13º, 98% , 43% 
Tavares, RS, 22º, 16º, 87% , 68% 
Tejuçuoca, CE, 36º, 23º, 88% , 33% 
Tarumirim, MG, 30º, 18º, 79% , 36% 
Tarauacá, AC, 35º, 23º, 88% , 49% 
Tarrafas, CE, 37º, 23º, 80% , 28% 
Tarabai, SP, 34º, 17º, 76% , 26% 
Taquari, RS, 24º, 13º, 100% , 65% 
Taquara, RS, 24º, 13º, 100% , 64% 
Taquaraçu de Minas, MG, 28º, 18º, 83% , 48% 
Taquarana, AL, 30º, 21º, 97% , 50% 
Tapiraí, SP, 22º, 13º, 100% , 68% 
Taquaral, SP, 35º, 18º, 75% , 29% 
Taquarituba, SP, 26º, 13º, 89% , 48% 
Tapiraí, MG, 33º, 20º, 76% , 35% 
Tapurah, MT, 39º, 26º, 65% , 32% 
Tapira, MG, 31º, 16º, 91% , 33% 
Taperoá, BA, 27º, 22º, 97% , 75% 
Taperoá, PB, 33º, 20º, 86% , 33% 
Taparuba, MG, 31º, 17º, 78% , 34% 
Tapes, RS, 21º, 17º, 84% , 69% 
Tapauá, AM, 34º, 24º, 98% , 55% 
Tapejara, RS, 24º, 10º, 95% , 53% 
Tanhaçu, BA, 33º, 22º, 84% , 37% 
Tangará da Serra, MT, 38º, 26º, 72% , 35% 
Tangará, RN, 33º, 21º, 90% , 42% 
Tanquinho, BA, 34º, 21º, 92% , 34% 
Tanguá, RJ, 25º, 14º, 96% , 51% 
Tamboril do Piauí, PI, 39º, 27º, 41% , 21% 
Tamboril, CE, 35º, 22º, 83% , 31% 
Tambaú, SP, 30º, 15º, 88% , 41% 
Tamarana, PR, 30º, 13º, 89% , 30% 
Talismã, TO, 42º, 26º, 42% , 17% 
Taiúva, SP, 35º, 19º, 74% , 28% 
Tailândia, PA, 36º, 24º, 86% , 48% 
Taió, SC, 22º, 10º, 100% , 61% 
Taiobeiras, MG, 32º, 18º, 92% , 35% 
Taguatinga, DF, 35º, 21º, 49% , 20% 
Tamandaré, PE, 27º, 25º, 75% , 65% 
Taguaí, SP, 30º, 15º, 91% , 38% 
Tacuru, MS, 32º, 20º, 74% , 43% 
Tacaimbó, PE, 29º, 19º, 95% , 43% 
Taciba, SP, 33º, 17º, 79% , 31% 
Tacima, PB, 32º, 21º, 92% , 45% 
Taguatinga, TO, 38º, 27º, 42% , 24% 
Tabuleiro, MG, 25º, 18º, 90% , 56% 
Taboleiro Grande, RN, 37º, 24º, 71% , 30% 
Tabaí, RS, 24º, 10º, 98% , 64% 
Tabapuã, SP, 36º, 19º, 73% , 27% 
Tabatinga, AM, 33º, 24º, 100% , 67% 
Tabocas do Brejo Velho, BA, 37º, 24º, 61% , 27% 
Tabocão, TO, 37º, 26º, 64% , 39% 
Taboão da Serra, SP, 25º, 14º, 97% , 62% 
Tabira, PE, 34º, 20º, 86% , 23% 
Suzano, SP, 26º, 13º, 96% , 59% 
Surubim, PE, 30º, 18º, 97% , 43% 
Sumidouro, RJ, 24º, 15º, 97% , 54% 
Sumé, PB, 33º, 18º, 93% , 33% 
Sul Brasil, SC, 28º, 15º, 87% , 47% 
Suzanápolis, SP, 36º, 20º, 73% , 24% 
Sumaré, SP, 33º, 15º, 93% , 28% 
Sussuapara, PI, 40º, 27º, 59% , 19% 
Sud Mennucci, SP, 37º, 20º, 71% , 18% 
Sorocaba, SP, 31º, 13º, 95% , 38% 
Sorriso, MT, 39º, 26º, 67% , 29% 
Soure, PA, 33º, 26º, 83% , 57% 
Sucupira do Riachão, MA, 38º, 25º, 70% , 28% 
Sucupira, TO, 41º, 25º, 52% , 19% 
Sonora, MS, 41º, 28º, 46% , 18% 
Solânea, PB, 31º, 20º, 93% , 50% 
Sooretama, ES, 28º, 21º, 93% , 56% 
Solidão, PE, 34º, 18º, 90% , 26% 
Soledade, PB, 32º, 19º, 91% , 35% 
Socorro, SP, 29º, 13º, 93% , 39% 
Sobrália, MG, 30º, 23º, 77% , 44% 
Soledade, RS, 20º, 8º, 88% , 66% 
Sobral, CE, 36º, 23º, 85% , 35% 
Sobradinho, DF, 36º, 23º, 46% , 22% 
Sobrado, PB, 31º, 22º, 91% , 48% 
Sítio do Quinto, BA, 34º, 20º, 96% , 34% 
Sítio Novo, RN, 35º, 22º, 90% , 36% 
Sítio Novo, MA, 36º, 25º, 75% , 41% 
Sítio Novo do Tocantins, TO, 37º, 28º, 67% , 39% 
Sítio D'Abadia, GO, 37º, 22º, 45% , 19% 
Siriri, SE, 30º, 21º, 92% , 52% 
Sirinhaém, PE, 28º, 23º, 86% , 64% 
Sobradinho, RS, 22º, 14º, 93% , 71% 
Sinop, MT, 38º, 25º, 74% , 32% 
Simolândia, GO, 39º, 25º, 39% , 16% 
Simões Filho, BA, 30º, 21º, 95% , 59% 
Simonésia, MG, 28º, 13º, 99% , 40% 
Simões, PI, 36º, 24º, 59% , 26% 
Simão Pereira, MG, 25º, 17º, 92% , 56% 
Simão Dias, SE, 31º, 20º, 99% , 46% 
Silvânia, GO, 37º, 23º, 46% , 21% 
Silveiras, SP, 24º, 16º, 86% , 55% 
Silvanópolis, TO, 42º, 25º, 59% , 18% 
Silveirânia, MG, 23º, 16º, 96% , 61% 
Silva Jardim, RJ, 27º, 15º, 100% , 48% 
Sidrolândia, MS, 38º, 24º, 66% , 29% 
Sertãozinho, SP, 38º, 20º, 70% , 18% 
Sete Lagoas, MG, 34º, 18º, 81% , 25% 
Sete de Setembro, RS, 28º, 15º, 87% , 54% 
Severínia, SP, 39º, 20º, 70% , 16% 
Sete Quedas, MS, 31º, 20º, 78% , 45% 
Sete Barras, SP, 23º, 17º, 94% , 73% 
Severiano de Almeida, RS, 26º, 13º, 89% , 54% 
Sertanópolis, PR, 32º, 16º, 80% , 29% 
Sertânia, PE, 33º, 18º, 84% , 33% 
Serro, MG, 29º, 16º, 89% , 43% 
Sertaneja, PR, 34º, 16º, 89% , 22% 
Sertão, RS, 24º, 11º, 96% , 53% 
Serrinha dos Pintos, RN, 35º, 22º, 74% , 31% 
Serranos, MG, 22º, 14º, 91% , 61% 
Serranópolis, GO, 36º, 23º, 68% , 29% 
Serraria, PB, 30º, 20º, 96% , 49% 
Serrinha, RN, 33º, 22º, 90% , 42% 
Serranópolis do Iguaçu, PR, 31º, 17º, 83% , 46% 
Serra Redonda, PB, 31º, 20º, 92% , 44% 
Serrano do Maranhão, MA, 34º, 24º, 90% , 52% 
Serra Nova Dourada, MT, 41º, 27º, 49% , 19% 
Serra Negra do Norte, RN, 37º, 22º, 76% , 25% 
Serra Talhada, PE, 35º, 22º, 74% , 25% 
Serra Grande, PB, 35º, 22º, 77% , 22% 
Serra dos Aimorés, MG, 28º, 18º, 86% , 49% 
Serra do Salitre, MG, 33º, 20º, 77% , 32% 
Serra da Raiz, PB, 31º, 21º, 92% , 47% 
Serra Dourada, BA, 37º, 23º, 51% , 21% 
Serra do Ramalho, BA, 39º, 23º, 57% , 21% 
Serra de São Bento, RN, 32º, 21º, 93% , 44% 
Serra Branca, PB, 33º, 20º, 87% , 31% 
Serra Azul, SP, 34º, 18º, 79% , 28% 
Serra Azul de Minas, MG, 27º, 18º, 87% , 56% 
Serra, ES, 26º, 18º, 83% , 50% 
Seringueiras, RO, 37º, 24º, 86% , 44% 
Seridó, PB, 32º, 19º, 91% , 35% 
Seritinga, MG, 22º, 14º, 91% , 61% 
Serra Alta, SC, 28º, 13º, 93% , 45% 
Sericita, MG, 23º, 16º, 86% , 61% 
Sento Sé, BA, 34º, 24º, 62% , 30% 
Senador Sá, CE, 38º, 24º, 88% , 35% 
Sentinela do Sul, RS, 23º, 13º, 94% , 65% 
Senador Rui Palmeira, AL, 34º, 21º, 90% , 33% 
Sengés, PR, 28º, 14º, 92% , 44% 
Senador Salgado Filho, RS, 28º, 15º, 87% , 57% 
Senador Modestino Gonçalves, MG, 29º, 19º, 81% , 46% 
Senador Elói de Souza, RN, 35º, 23º, 87% , 35% 
Senador José Bento, MG, 29º, 14º, 92% , 41% 
Senador Amaral, MG, 27º, 11º, 99% , 42% 
Senador Alexandre Costa, MA, 38º, 25º, 82% , 37% 
Senador José Porfírio, PA, 34º, 26º, 91% , 56% 
Sena Madureira, AC, 37º, 24º, 92% , 44% 
Senador Canedo, GO, 39º, 24º, 45% , 17% 
Senador Firmino, MG, 28º, 12º, 98% , 43% 
Selbach, RS, 26º, 13º, 91% , 53% 
Sede Nova, RS, 27º, 15º, 90% , 57% 
Sebastião Barros, PI, 38º, 25º, 41% , 20% 
Saudades, SC, 28º, 14º, 92% , 47% 
Sebastianópolis do Sul, SP, 36º, 19º, 73% , 22% 
Seabra, BA, 28º, 17º, 96% , 48% 
Saudade do Iguaçu, PR, 27º, 14º, 87% , 46% 
Sebastião Laranjeiras, BA, 35º, 20º, 78% , 28% 
Sebastião Leal, PI, 39º, 26º, 50% , 22% 
Satubinha, MA, 37º, 25º, 86% , 43% 
Satuba, AL, 29º, 22º, 94% , 60% 
Sapucaia do Sul, RS, 24º, 13º, 100% , 62% 
Sátiro Dias, BA, 31º, 20º, 98% , 49% 
Sarutaiá, SP, 27º, 14º, 87% , 47% 
Saquarema, RJ, 23º, 16º, 92% , 58% 
Sarandi, RS, 26º, 16º, 83% , 52% 
Sarzedo, MG, 32º, 16º, 86% , 26% 
Sapucaí-Mirim, MG, 25º, 12º, 99% , 49% 
Sapé, PB, 30º, 21º, 95% , 53% 
Sapopema, PR, 26º, 13º, 86% , 45% 
Sapiranga, RS, 23º, 12º, 99% , 67% 
Sapucaia, PA, 37º, 26º, 77% , 42% 
Sapezal, MT, 37º, 24º, 78% , 37% 
São Vicente Ferrer, MA, 34º, 25º, 87% , 51% 
São Vicente do Sul, RS, 26º, 12º, 97% , 69% 
São Vicente de Minas, MG, 24º, 15º, 90% , 56% 
São Vicente, RN, 35º, 21º, 85% , 30% 
São Vicente, SP, 23º, 19º, 85% , 68% 
São Valério do Sul, RS, 27º, 16º, 78% , 54% 
São Tomás de Aquino, MG, 35º, 18º, 78% , 19% 
São Simão, GO, 40º, 24º, 55% , 14% 
São Vendelino, RS, 24º, 11º, 94% , 61% 
São Tomé das Letras, MG, 29º, 13º, 95% , 37% 
São Tiago, MG, 30º, 13º, 95% , 29% 
São Simão, SP, 33º, 17º, 82% , 35% 
São Sebastião do Passe, BA, 30º, 21º, 97% , 62% 
São Sebastião do Anta, MG, 26º, 19º, 83% , 53% 
São Sebastião do Umbuzeiro, PB, 32º, 19º, 88% , 30% 
São Sebastião do Paraíso, MG, 34º, 17º, 80% , 20% 
São Sebastião do Tocantins, TO, 39º, 28º, 66% , 34% 
São Sebastião do Rio Preto, MG, 28º, 21º, 84% , 51% 
São Sebastião do Oeste, MG, 31º, 18º, 77% , 35% 
São Sepé, RS, 24º, 11º, 96% , 65% 
São Sebastião da Vargem Alegre, MG, 26º, 13º, 98% , 49% 
São Sebastião de Lagoa de Roça, PB, 29º, 19º, 97% , 48% 
São Sebastião da Grama, SP, 32º, 16º, 80% , 24% 
São Sebastião, SP, 21º, 17º, 87% , 74% 
São Salvador do Tocantins, TO, 40º, 26º, 42% , 18% 
São Sebastião, DF, 36º, 21º, 52% , 23% 
São Sebastião do Alto, RJ, 21º, 16º, 93% , 64% 
São Sebastião da Amoreira, PR, 30º, 15º, 82% , 31% 
São Roque, SP, 28º, 14º, 96% , 49% 
São Roberto, MA, 37º, 24º, 86% , 40% 
São Roque do Cannaã, ES, 27º, 21º, 79% , 54% 
São Roque de Minas, MG, 30º, 17º, 87% , 41% 
São Raimundo Nonato, PI, 38º, 26º, 58% , 25% 
São Raimundo do Doca Bezerra, MA, 36º, 24º, 83% , 40% 
São Raimundo das Mangabeiras, MA, 39º, 27º, 63% , 26% 
São Rafael, RN, 37º, 24º, 72% , 34% 
São Pedro dos Ferros, MG, 27º, 20º, 76% , 50% 
São Pedro do Turvo, SP, 32º, 16º, 83% , 33% 
São Pedro do Suaçuí, MG, 28º, 20º, 81% , 55% 
São Pedro do Paraná, PR, 33º, 19º, 72% , 37% 
São Pedro do Iguaçu, PR, 31º, 17º, 80% , 39% 
São Pedro do Piauí, PI, 38º, 25º, 75% , 29% 
São Pedro de Alcântara, SC, 23º, 10º, 97% , 57% 
São Pedro da Água Branca, MA, 37º, 27º, 70% , 42% 
São Pedro das Missões, RS, 29º, 15º, 91% , 61% 
São Pedro da Cipa, MT, 40º, 26º, 78% , 28% 
São Pedro, SP, 31º, 13º, 100% , 32% 
São Paulo do Potengi, RN, 35º, 23º, 88% , 35% 
São Paulo, SP, 27º, 14º, 97% , 64% 
São Paulo das Missões, RS, 27º, 17º, 87% , 64% 
São Patrício, GO, 40º, 27º, 34% , 18% 
São Miguel do Passa Quatro, GO, 38º, 22º, 45% , 20% 
São Miguel dos Milagres, AL, 28º, 22º, 89% , 61% 
São Miguel do Tapuio, PI, 37º, 24º, 71% , 29% 
São Miguel do Iguaçu, PR, 32º, 18º, 84% , 41% 
São Miguel do Guamá, PA, 37º, 24º, 88% , 45% 
São Miguel do Guaporé, RO, 37º, 23º, 93% , 42% 
São Miguel do Anta, MG, 29º, 14º, 94% , 42% 
São Miguel de Taipú, PB, 31º, 21º, 94% , 50% 
São Miguel do Aleixo, SE, 32º, 20º, 97% , 42% 
São Miguel do Gostoso, RN, 31º, 24º, 85% , 50% 
São Miguel das Missões, RS, 28º, 14º, 92% , 57% 
São Miguel de Touros, RN, 31º, 23º,70%,
São Miguel da Baixa Grande, PI, 39º, 28º, 59% , 26% 
São Miguel Arcanjo, SP, 22º, 14º, 94% , 64% 
São Manoel do Paraná, PR, 34º, 18º, 78% , 30% 
São Mateus do Maranhão, MA, 37º, 25º, 84% , 39% 
São Mateus, ES, 26º, 18º, 87% , 55% 
São Mateus do Sul, PR, 22º, 11º, 94% , 65% 
São Martinho, RS, 24º, 10º, 98% , 68% 
São Marcos, RS, 25º, 10º, 97% , 54% 
São Martinho, SC, 25º, 11º, 100% , 56% 
São Mamede, PB, 36º, 21º, 79% , 27% 
São Luiz Gonzaga, RS, 27º, 18º, 79% , 62% 
São Luís do Piauí, PI, 39º, 26º, 64% , 20% 
São Luiz do Norte, GO, 40º, 25º, 40% , 17% 
São Luís do Quitunde, AL, 29º, 20º, 94% , 55% 
São Luís, MA, 31º, 26º, 84% , 63% 
São Lourenço do Sul, RS, 23º, 15º, 90% , 67% 
São Luís do Curu, CE, 36º, 24º, 85% , 39% 
São Lourenço do Piauí, PI, 37º, 25º, 57% , 26% 
São Lourenço do Oeste, SC, 26º, 12º, 94% , 48% 
São Lourenço da Serra, SP, 21º, 12º, 100% , 72% 
São Lourenço, MG, 27º, 14º, 91% , 46% 
São José dos Cordeiros, PB, 33º, 18º, 95% , 34% 
São José dos Campos, SP, 30º, 16º, 87% , 41% 
São José dos Basílios, MA, 38º, 25º, 80% , 35% 
São José dos Ausentes, RS, 22º, 10º, 99% , 57% 
São José do Vale do Rio Preto, RJ, 24º, 14º, 94% , 51% 
São José do Mantimento, MG, 26º, 18º, 86% , 54% 
São José do Rio Preto, SP, 38º, 19º, 73% , 16% 
São José do Rio Pardo, SP, 31º, 16º, 89% , 30% 
São José do Rio Claro, MT, 40º, 25º, 72% , 30% 
São José do Piauí, PI, 37º, 26º, 63% , 21% 
São José do Ouro, RS, 24º, 11º, 91% , 52% 
São José do Norte, RS, 20º, 16º, 94% , 77% 
São José do Inhacorá, RS, 28º, 16º, 87% , 56% 
São José do Goiabal, MG, 30º, 22º, 73% , 42% 
São José do Divino, MG, 28º, 20º, 87% , 52% 
São José do Cerrito, SC, 23º, 10º, 92% , 51% 
São José do Hortêncio, RS, 24º, 13º, 93% , 58% 
São José do Jacuri, MG, 28º, 20º, 80% , 55% 
São José do Campestre, RN, 34º, 22º, 90% , 38% 
São José do Herval, RS, 25º, 10º, 97% , 53% 
São José do Calçado, ES, 22º, 16º, 98% , 67% 
São José do Bonfim, PB, 34º, 20º, 84% , 29% 
São José do Belmonte, PE, 35º, 21º, 78% , 24% 
São José do Alegre, MG, 28º, 15º, 86% , 37% 
São José de Ubá, RJ, 24º, 18º, 97% , 57% 
São José de Ribamar, MA, 29º, 26º, 85% , 72% 
São José de Piranhas, PB, 36º, 24º, 69% , 21% 
São José de Mipibu, RN, 30º, 22º, 83% , 51% 
São José das Palmeiras, PR, 33º, 18º, 75% , 35% 
São José da Varginha, MG, 32º, 19º, 79% , 37% 
São José das Missões, RS, 27º, 13º, 92% , 49% 
São José da Lagoa Tapada, PB, 36º, 24º, 70% , 27% 
São José da Safira, MG, 31º, 20º, 74% , 36% 
São José da Coroa Grande, PE, 27º, 22º, 81% , 62% 
São José da Tapera, AL, 33º, 20º, 92% , 37% 
São José da Boa Vista, PR, 29º, 14º, 94% , 37% 
São José de Caiana, PB, 36º, 23º, 72% , 23% 
São Jorge do Oeste, PR, 27º, 14º, 88% , 50% 
São Joaquim da Barra, SP, 38º, 21º, 63% , 17% 
São Joaquim de Bicas, MG, 32º, 18º, 81% , 34% 
São João Nepomuceno, MG, 24º, 17º, 92% , 59% 
São Joaquim do Monte, PE, 28º, 16º, 100% , 51% 
São Jorge, RS, 24º, 10º, 95% , 53% 
São José da Bela Vista, SP, 34º, 20º, 74% , 27% 
São João Evangelista, MG, 28º, 19º, 86% , 55% 
São João do Triunfo, PR, 22º, 11º, 94% , 64% 
São João do Paraíso, MG, 32º, 18º, 95% , 33% 
São João do Sul, SC, 24º, 13º, 90% , 62% 
São João do Tigre, PB, 31º, 19º, 87% , 34% 
São João do Sóter, MA, 38º, 25º, 84% , 39% 
São João do Rio do Peixe, PB, 36º, 24º, 68% , 27% 
São João do Pau d'Alho, SP, 36º, 20º, 69% , 24% 
São João do Piauí, PI, 40º, 27º, 47% , 21% 
São João do Paraíso, MA, 38º, 26º, 70% , 31% 
São João do Oriente, MG, 31º, 22º, 70% , 43% 
São João do Itaperiú, SC, 22º, 14º, 92% , 65% 
São João do Cariri, PB, 33º, 20º, 87% , 33% 
São João do Manteninha, MG, 30º, 17º, 85% , 35% 
São João do Carú, MA, 36º, 23º, 86% , 46% 
São João do Jaguaribe, CE, 37º, 24º, 75% , 31% 
São João do Arraial, PI, 39º, 25º, 81% , 32% 
São João do Oeste, SC, 29º, 17º, 91% , 51% 
São João do Araguaia, PA, 37º, 27º, 79% , 43% 
São João das Missões, MG, 37º, 23º, 57% , 24% 
São João Del Rei, MG, 29º, 13º, 94% , 38% 
São João de Meriti, RJ, 26º, 17º, 92% , 53% 
São João da Urtiga, RS, 26º, 14º, 90% , 51% 
São João da Varjota, PI, 40º, 28º, 53% , 22% 
São João da Canabrava, PI, 39º, 26º, 64% , 20% 
São João da Boa Vista, SP, 32º, 15º, 90% , 29% 
São João da Ponte, MG, 35º, 22º, 54% , 26% 
São João da Fronteira, PI, 39º, 27º, 62% , 28% 
São João da Serra, PI, 40º, 28º, 60% , 25% 
São João da Baliza, RR, 31º, 24º, 100% , 70% 
São João da Paraúna, GO, 41º, 27º, 49% , 17% 
São João da Lagoa, MG, 35º, 22º, 56% , 29% 
São Gotardo, MG, 34º, 18º, 78% , 23% 
São Jerônimo, RS, 25º, 12º, 98% , 59% 
São João Batista, SC, 24º, 13º, 98% , 63% 
São Jerônimo da Serra, PR, 30º, 12º, 89% , 30% 
São João Batista, MA, 34º, 26º, 85% , 51% 
São João D'Aliança, GO, 36º, 24º, 37% , 19% 
São João Batista do Glória, MG, 31º, 18º, 80% , 38% 
São João, PE, 27º, 18º, 99% , 53% 
São Gonçalo do Rio Abaixo, MG, 31º, 17º, 84% , 38% 
São Gonçalo do Amarante, RN, 30º, 23º, 80% , 51% 
São Gonçalo do Gurguéia, PI, 39º, 24º, 50% , 19% 
São Gonçalo do Rio Preto, MG, 30º, 19º, 81% , 44% 
São Gonçalo dos Campos, BA, 30º, 20º, 98% , 52% 
São Gonçalo do Pará, MG, 33º, 19º, 76% , 33% 
São Gonçalo do Sapucaí, MG, 29º, 15º, 92% , 39% 
São Gonçalo do Piauí, PI, 39º, 26º, 71% , 28% 
São Gonçalo do Amarante, CE, 33º, 25º, 82% , 49% 
São Gonçalo do Abaeté, MG, 34º, 23º, 67% , 32% 
São Geraldo do Araguaia, PA, 37º, 27º, 77% , 39% 
São Geraldo, MG, 29º, 14º, 95% , 40% 
São Geraldo do Baixio, MG, 29º, 22º, 79% , 48% 
São Gabriel da Palha, ES, 28º, 20º, 90% , 52% 
São Gabriel do Oeste, MS, 37º, 23º, 54% , 20% 
São Gonçalo, RJ, 25º, 17º, 88% , 58% 
São Gabriel da Cachoeira, AM, 32º, 25º, 98% , 66% 
São Geraldo da Piedade, MG, 27º, 20º, 97% , 56% 
São Francisco do Sul, SC, 22º, 17º, 97% , 75% 
São Gabriel, BA, 35º, 20º, 83% , 27% 
São Francisco do Pará, PA, 35º, 24º, 88% , 48% 
São Francisco do Oeste, RN, 37º, 24º, 68% , 29% 
São Francisco do Guaporé, RO, 38º, 25º, 85% , 38% 
São Francisco do Piauí, PI, 40º, 27º, 45% , 22% 
São Francisco do Maranhão, MA, 40º, 25º, 71% , 23% 
São Gabriel, RS, 25º, 12º, 95% , 65% 
São Francisco do Conde, BA, 30º, 21º, 95% , 58% 
São Francisco do Glória, MG, 20º, 16º, 96% , 71% 
São Francisco de Sales, MG, 37º, 22º, 66% , 26% 
São Francisco de Paula, MG, 29º, 15º, 85% , 39% 
São Francisco do Brejão, MA, 35º, 24º, 81% , 47% 
São Francisco de Paula, RS, 20º, 12º, 99% , 71% 
São Francisco de Goiás, GO, 40º, 23º, 39% , 15% 
São Francisco de Itabapoana, RJ, 25º, 18º, 83% , 50% 
São Francisco de Assis, RS, 24º, 17º, 97% , 68% 
São Francisco de Assis do Piauí, PI, 38º, 25º, 61% , 21% 
São Francisco, SP, 39º, 21º, 70% , 17% 
São Francisco, SE, 32º, 21º, 92% , 47% 
São Francisco, PB, 35º, 23º, 72% , 31% 
São Francisco, MG, 39º, 24º, 42% , 20% 
São Fidélis, RJ, 25º, 19º, 86% , 57% 
São Fernando, RN, 37º, 24º, 73% , 28% 
São Félix do Piauí, PI, 40º, 29º, 55% , 25% 
São Félix do Coribe, BA, 39º, 23º, 40% , 19% 
São Félix de Minas, MG, 28º, 20º, 90% , 53% 
São Félix do Xingu, PA, 37º, 25º, 86% , 44% 
São Félix do Araguaia, MT, 41º, 27º, 59% , 22% 
São Félix do Tocantins, TO, 40º, 24º, 40% , 20% 
São Félix de Balsas, MA, 39º, 25º, 59% , 24% 
São Félix, BA, 30º, 20º, 98% , 52% 
São Domingos do Prata, MG, 30º, 17º, 82% , 40% 
São Felipe D'Oeste, RO, 37º, 24º, 97% , 41% 
São Domingos do Maranhão, MA, 38º, 24º, 86% , 35% 
São Felipe, BA, 27º, 21º, 99% , 76% 
São Domingos do Sul, RS, 25º, 11º, 94% , 54% 
São Domingos do Cariri, PB, 33º, 20º, 85% , 31% 
São Domingos do Norte, ES, 28º, 21º, 84% , 50% 
São Domingos do Capim, PA, 36º, 24º, 87% , 47% 
São Domingos de Pombal, PB, 37º, 24º, 70% , 29% 
São Domingos das Dores, MG, 27º, 19º, 82% , 53% 
São Domingos, GO, 37º, 25º, 47% , 24% 
São Domingos, SC, 27º, 13º, 88% , 48% 
São Domingos, SE, 31º, 21º, 95% , 49% 
São Domingos do Azeitão, MA, 38º, 26º, 64% , 29% 
São Domingos do Araguaia, PA, 38º, 27º, 78% , 36% 
São Domingos, BA, 34º, 20º, 93% , 33% 
São Desidério, BA, 38º, 23º, 55% , 22% 
São Caetano do Sul, SP, 24º, 13º, 97% , 67% 
São Cristóvão do Sul, SC, 21º, 9º, 97% , 56% 
São Cristóvão, SE, 30º, 21º, 92% , 54% 
São Carlos do Ivaí, PR, 33º, 17º, 77% , 30% 
São Carlos - SP, SP, 35º, 14º, 91% , 19% 
São Carlos - SC, SC, 28º, 14º, 93% , 47% 
São Bernardo do Campo, SP, 23º, 13º, 98% , 69% 
São Braz do Piauí, PI, 37º, 25º, 55% , 25% 
São Brás, AL, 32º, 21º, 95% , 43% 
São Borja, RS, 29º, 14º, 92% , 65% 
São Caetano, PE, 28º, 18º, 96% , 47% 
São Caetano de Odivelas, PA, 33º, 25º, 85% , 58% 
São Brás do Suaçuí, MG, 24º, 16º, 88% , 55% 
São Bonifácio, SC, 19º, 9º, 96% , 65% 
São Bernardo, MA, 38º, 25º, 85% , 35% 
São Bento do Sapucaí, SP, 25º, 12º, 100% , 49% 
São Bento do Tocantins, TO, 38º, 27º, 70% , 33% 
São Bento do Trairi, RN, 35º, 20º, 90% , 35% 
São Bernardino, SC, 27º, 13º, 91% , 47% 
São Bento do Una, PE, 30º, 19º, 96% , 39% 
São Bento do Sul, SC, 19º, 11º, 100% , 69% 
São Benedito, CE, 32º, 19º, 99% , 39% 
São Benedito do Sul, PE, 27º, 18º, 100% , 55% 
São Bento, MA, 33º, 25º, 87% , 56% 
São Benedito do Rio Preto, MA, 37º, 25º, 88% , 41% 
São Bento Abade, MG, 28º, 15º, 89% , 39% 
São Bento de Pombal, PB, 38º, 23º, 73% , 24% 
São Bento, PB, 37º, 24º, 72% , 28% 
São Bento do Norte, RN, 34º, 23º, 80% , 40% 
Santos, SP, 23º, 16º, 97% , 74% 
Santo Inácio do Piauí, PI, 40º, 28º, 48% , 20% 
Santópolis do Aguapeí, SP, 35º, 18º, 75% , 26% 
Santo Expedito do Sul, RS, 24º, 10º, 93% , 53% 
Santo Hipólito, MG, 35º, 24º, 64% , 31% 
Santo Inácio, PR, 33º, 17º, 77% , 28% 
Santos Dumont, MG, 25º, 13º, 93% , 55% 
Santo Estevão, BA, 30º, 20º, 99% , 55% 
Santo Expedito, SP, 37º, 18º, 76% , 13% 
Santo Cristo, RS, 28º, 15º, 90% , 64% 
Santo Augusto, RS, 27º, 14º, 89% , 54% 
Santo Antônio dos Milagres, PI, 39º, 26º, 71% , 28% 
Santo Antônio dos Lopes, MA, 37º, 25º, 83% , 38% 
Santo Antônio do Tauá, PA, 35º, 24º, 88% , 54% 
Santo Antônio do Rio Abaixo, MG, 28º, 20º, 89% , 50% 
Santo Antônio do Sudoeste, PR, 30º, 16º, 83% , 44% 
Santo Antônio do Retiro, MG, 33º, 18º, 82% , 32% 
Santo Antônio do Pinhal, SP, 23º, 12º, 100% , 58% 
Santo Antônio do Planalto, RS, 26º, 12º, 91% , 52% 
Santo Antônio do Leste, MT, 40º, 25º, 73% , 24% 
Santo Antônio do Leverger, MT, 41º, 27º, 73% , 27% 
Santo Antônio do Paraíso, PR, 30º, 13º, 96% , 31% 
Santo Antônio do Monte, MG, 33º, 17º, 83% , 26% 
Santo Antônio do Palma, RS, 24º, 10º, 95% , 54% 
Santo Antônio do Itambé, MG, 27º, 18º, 86% , 56% 
Santo Antônio do Jardim, SP, 32º, 15º, 87% , 27% 
Santo Antônio do Içá, AM, 33º, 25º, 100% , 64% 
Santo Antônio do Jacinto, MG, 27º, 18º, 91% , 49% 
Santo Antônio do Grama, MG, 27º, 20º, 74% , 53% 
Santo Ângelo, RS, 27º, 17º, 85% , 55% 
Santo André, SP, 23º, 13º, 99% , 70% 
Santo André, PB, 33º, 20º, 87% , 33% 
Santo Amaro da Imperatriz, SC, 25º, 13º, 97% , 61% 
Santo Anastácio, SP, 36º, 18º, 73% , 20% 
Santo Amaro do Maranhão, MA, 31º, 25º, 88% , 62% 
Santo Amaro das Brotas, SE, 30º, 22º, 91% , 57% 
Santo Amaro, BA, 29º, 21º, 95% , 67% 
Santo Afonso, MT, 38º, 26º, 73% , 32% 
Santarém, PA, 34º, 27º, 90% , 53% 
Santiago do Sul, SC, 27º, 13º, 90% , 46% 
Santiago, RS, 25º, 18º, 92% , 65% 
Santana do Seridó, RN, 35º, 21º, 84% , 31% 
Santanópolis, BA, 31º, 19º, 99% , 44% 
Santana dos Montes, MG, 23º, 16º, 89% , 61% 
Santana dos Garrotes, PB, 37º, 23º, 71% , 24% 
Santarém, PB, 35º, 22º, 80% , 28% 
Santana do São Francisco, SE, 31º, 22º, 94% , 53% 
Santarém Novo, PA, 33º, 25º, 90% , 55% 
Santana do Riacho, MG, 28º, 19º, 83% , 47% 
Santana do Manhuaçu, MG, 24º, 18º, 82% , 58% 
Santana do Piauí, PI, 37º, 26º, 55% , 22% 
Santana do Matos, RN, 36º, 22º, 76% , 29% 
Santana do Paraíso, MG, 28º, 20º, 84% , 50% 
Santana do Mundaú, AL, 30º, 20º, 100% , 51% 
Santana do Maranhão, MA, 36º, 25º, 87% , 42% 
Santana do Livramento, RS, 23º, 14º, 97% , 65% 
Santana do Jacaré, MG, 29º, 16º, 86% , 39% 
Santana do Garambéu, MG, 22º, 14º, 94% , 63% 
Santana do Deserto, MG, 25º, 17º, 92% , 55% 
Santana do Acaraú, CE, 37º, 24º, 83% , 36% 
Santana do Cariri, CE, 35º, 21º, 69% , 23% 
Santana do Araguaia, PA, 39º, 27º, 77% , 33% 
Santana do Itararé, PR, 30º, 15º, 92% , 37% 
Santana do Ipanema, AL, 33º, 20º, 94% , 35% 
Santana de Pirapama, MG, 32º, 23º, 70% , 40% 
Santana de Parnaíba, SP, 27º, 14º, 97% , 54% 
Santana da Boa Vista, RS, 24º, 10º, 100% , 68% 
Santana de Mangueira, PB, 36º, 23º, 73% , 23% 
Santana de Cataguases, MG, 24º, 19º, 88% , 61% 
Santana da Vargem, MG, 31º, 15º, 90% , 31% 
Santana da Ponte Pensa, SP, 38º, 21º, 69% , 24% 
Santana, BA, 38º, 22º, 48% , 21% 
Santa Terezinha de Goiás, GO, 42º, 27º, 40% , 18% 
Santaluz, BA, 34º, 20º, 92% , 32% 
Santa Terezinha de Itaipu, PR, 31º, 20º, 87% , 45% 
Santa Vitória do Palmar, RS, 20º, 13º, 99% , 68% 
Santa Vitória, MG, 40º, 25º, 46% , 16% 
Santa Terezinha do Tocantins, TO, 37º, 26º, 70% , 35% 
Santa Terezinha do Progresso, SC, 28º, 15º, 84% , 42% 
Santa Terezinha, SC, 22º, 10º, 98% , 59% 
Santa Terezinha, PE, 30º, 21º, 97% , 51% 
Santa Tereza de Goiás, GO, 42º, 27º, 35% , 15% 
Santa Tereza do Tocantins, TO, 40º, 24º, 58% , 22% 
Santa Tereza do Oeste, PR, 29º, 15º, 83% , 45% 
Santa Teresinha, PB, 37º, 23º, 76% , 25% 
Santa Tereza, RS, 25º, 11º, 94% , 51% 
Santa Terezinha, MT, 41º, 25º, 66% , 24% 
Santa Teresinha, BA, 28º, 20º, 99% , 60% 
Santa Teresa, ES, 22º, 16º, 95% , 68% 
Santa Rosa do Purus, AC, 36º, 23º, 100% , 47% 
Santa Salete, SP, 37º, 21º, 68% , 24% 
Santa Rosa do Tocantins, TO, 42º, 25º, 53% , 16% 
Santa Rosa do Sul, SC, 23º, 14º, 100% , 74% 
Santa Rosa do Piauí, PI, 40º, 28º, 43% , 21% 
Santa Rosa de Viterbo, SP, 32º, 17º, 81% , 39% 
Santa Rosa de Lima, SE, 30º, 20º, 97% , 52% 
Santa Rosa da Serra, MG, 31º, 19º, 81% , 39% 
Santa Rosa de Lima, SC, 24º, 10º, 94% , 55% 
Santa Rosa, RS, 27º, 17º, 81% , 58% 
Santa Rita do Trivelato, MT, 40º, 25º, 76% , 28% 
Santa Rita do Novo Destino, GO, 38º, 27º, 29% , 18% 
Santa Rita do Sapucaí, MG, 31º, 14º, 96% , 30% 
Santa Rita do Itueto, MG, 27º, 20º, 86% , 52% 
Santa Rita do Pardo, MS, 36º, 20º, 69% , 24% 
Santa Rita do Ibitipoca, MG, 20º, 13º, 97% , 70% 
Santa Rita de Cássia, BA, 39º, 26º, 51% , 23% 
Santa Rita de Minas, MG, 23º, 17º, 88% , 65% 
Santa Rita do Araguaia, GO, 37º, 25º, 60% , 27% 
Santa Rita de Caldas, MG, 29º, 13º, 94% , 34% 
Santa Rita de Jacutinga, MG, 25º, 14º, 95% , 57% 
Santa Mônica, PR, 33º, 18º, 73% , 32% 
Santa Rita D'Oeste, SP, 38º, 21º, 67% , 24% 
Santa Rita, PB, 29º, 22º, 92% , 56% 
Santa Mariana, PR, 30º, 16º, 83% , 34% 
Santa Maria Madalena, RJ, 24º, 13º, 99% , 50% 
Santa Quitéria do Maranhão, MA, 38º, 25º, 86% , 34% 
Santa Maria do Suaçuí, MG, 31º, 21º, 81% , 47% 
Santa Maria do Tocantins, TO, 39º, 25º, 68% , 26% 
Santa Mercedes, SP, 36º, 20º, 69% , 24% 
Santa Maria do Pará, PA, 36º, 25º, 85% , 48% 
Santa Maria do Oeste, PR, 32º, 18º, 77% , 38% 
Santa Maria do Salto, MG, 30º, 21º, 92% , 52% 
Santa Maria do Herval, RS, 21º, 12º, 99% , 71% 
Santa Maria do Cambucá, PE, 31º, 20º, 93% , 40% 
Santa Maria de Itabira, MG, 28º, 20º, 82% , 48% 
Santa Maria das Barreiras, PA, 38º, 25º, 76% , 35% 
Santa Maria de Jetibá, ES, 21º, 15º, 93% , 69% 
Santa Maria da Serra, SP, 30º, 17º, 82% , 44% 
Santa Margarida do Sul, RS, 25º, 11º, 93% , 64% 
Santa Maria da Boa Vista, PE, 36º, 21º, 81% , 28% 
Santa Luzia do Paruá, MA, 37º, 24º, 87% , 43% 
Santa Margarida, MG, 28º, 13º, 95% , 43% 
Santa Luzia do Itanhy, SE, 28º, 24º, 85% , 65% 
Santa Luzia, MG, 33º, 18º, 81% , 28% 
Santa Luzia, PB, 35º, 21º, 81% , 30% 
Santa Luzia, BA, 29º, 20º, 100% , 60% 
Santa Luzia do Norte, AL, 28º, 22º, 88% , 59% 
Santa Luzia do Pará, PA, 36º, 24º, 88% , 48% 
Santa Lúcia, PR, 30º, 16º, 85% , 48% 
Santa Luz, PI, 40º, 26º, 41% , 18% 
Santa Izabel do Oeste, PR, 28º, 15º, 86% , 47% 
Santa Juliana, MG, 34º, 21º, 72% , 29% 
Santa Luzia, MA, 37º, 24º, 87% , 43% 
Santa Isabel, GO, 40º, 26º, 34% , 17% 
Santa Isabel do Rio Negro, AM, 33º, 24º, 99% , 62% 
Santa Isabel, SP, 25º, 15º, 92% , 50% 
Santa Inês, BA, 28º, 19º, 98% , 56% 
Santa Inês, MA, 37º, 25º, 85% , 43% 
Santa Helena de Minas, MG, 26º, 20º, 95% , 66% 
Santa Helena de Goiás, GO, 39º, 25º, 45% , 20% 
Santa Helena, MA, 35º, 24º, 90% , 50% 
Santa Filomena do Maranhão, MA, 38º, 24º, 82% , 34% 
Santa Gertrudes, SP, 32º, 14º, 98% , 32% 
Santa Helena, PR, 33º, 20º, 65% , 35% 
Santa Cruz dos Milagres, PI, 40º, 29º, 55% , 26% 
Santa Cruz do Xingu, MT, 38º, 25º, 78% , 35% 
Santa Fé do Araguaia, TO, 39º, 26º, 74% , 34% 
Santa Filomena, PE, 35º, 21º, 76% , 27% 
Santa Fé de Goiás, GO, 42º, 26º, 49% , 19% 
Santa Ernestina, SP, 34º, 18º, 77% , 28% 
Santa Fé do Sul, SP, 37º, 21º, 68% , 27% 
Santa Fé, PR, 32º, 16º, 79% , 27% 
Santa Cruz de Salinas, MG, 29º, 18º, 93% , 44% 
Santa Cruz do Arari, PA, 35º, 25º, 87% , 45% 
Santa Cruz de Goiás, GO, 38º, 22º, 45% , 19% 
Santa Cruz de Minas, MG, 24º, 15º, 90% , 57% 
Santa Cruz de Monte Castelo, PR, 33º, 18º, 72% , 33% 
Santa Cruz do Escalvado, MG, 27º, 20º, 83% , 52% 
Santa Cruz do Capibaribe, PE, 32º, 20º, 91% , 36% 
Santa Cruz da Vitória, BA, 31º, 20º, 100% , 45% 
Santa Cruz da Esperança, SP, 32º, 18º, 79% , 38% 
Santa Cruz, RN, 34º, 21º, 90% , 36% 
Santa Cruz da Conceição, SP, 32º, 13º, 99% , 28% 
Santa Clara do Sul, RS, 24º, 10º, 97% , 68% 
Santa Cruz, PE, 35º, 21º, 78% , 28% 
Santa Cruz, PB, 35º, 22º, 74% , 31% 
Santa Clara D'Oeste, SP, 37º, 21º, 67% , 29% 
Santa Carmem, MT, 38º, 24º, 78% , 33% 
Santa Brígida, BA, 34º, 21º, 91% , 31% 
Santa Bárbara do Pará, PA, 36º, 24º, 89% , 46% 
Santa Bárbara do Monte Verde, MG, 23º, 15º, 96% , 61% 
Santa Bárbara d'Oeste, SP, 32º, 15º, 94% , 31% 
Santa Bárbara, MG, 29º, 15º, 93% , 42% 
Santa Cecília do Pavão, PR, 30º, 15º, 82% , 31% 
Sampaio, TO, 38º, 28º, 65% , 36% 
Sambaíba, MA, 38º, 25º, 60% , 26% 
Sanharó, PE, 31º, 18º, 94% , 37% 
Santa Albertina, SP, 38º, 22º, 64% , 23% 
Samambaia, DF, 35º, 23º, 43% , 20% 
Salvador, BA, 26º, 24º, 86% , 79% 
Salto do Lontra, PR, 30º, 17º, 85% , 44% 
Sangão, SC, 23º, 13º, 93% , 59% 
Sandolândia, TO, 42º, 27º, 46% , 22% 
Salto Grande, SP, 30º, 16º, 81% , 37% 
Salto Veloso, SC, 24º, 12º, 95% , 48% 
Salto do Itararé, PR, 27º, 15º, 83% , 49% 
Salto, SP, 31º, 14º, 95% , 38% 
Salto do Céu, MT, 39º, 26º, 72% , 31% 
Salinas da Margarida, BA, 27º, 23º, 94% , 76% 
Saltinho, SP, 31º, 17º, 82% , 37% 
Salto do Jacuí, RS, 26º, 11º, 93% , 53% 
Salinas, MG, 33º, 21º, 76% , 34% 
Salgado de São Félix, PB, 31º, 21º, 91% , 45% 
Salinópolis, PA, 28º, 27º, 79% , 75% 
Saloá, PE, 28º, 18º, 97% , 47% 
Salgadinho, PB, 32º, 20º, 88% , 33% 
Sairé, PE, 27º, 18º, 99% , 57% 
Sabinópolis, MG, 27º, 19º, 85% , 57% 
Salesópolis, SP, 23º, 14º, 96% , 57% 
Sacramento, MG, 35º, 20º, 74% , 19% 
Sales Oliveira, SP, 36º, 20º, 72% , 25% 
Sales, SP, 33º, 19º, 78% , 37% 
Russas, CE, 37º, 23º, 80% , 32% 
Rurópolis, PA, 35º, 25º, 90% , 53% 
Rubelita, MG, 33º, 20º, 84% , 35% 
Ruy Barbosa, RN, 35º, 22º, 89% , 35% 
Rubiataba, GO, 38º, 25º, 39% , 20% 
Ruy Barbosa, BA, 33º, 21º, 91% , 36% 
Rosário Oeste, MT, 40º, 26º, 76% , 28% 
Sabino, SP, 33º, 18º, 79% , 35% 
Rondonópolis, MT, 42º, 27º, 56% , 22% 
Rosário da Limeira, MG, 20º, 16º, 98% , 71% 
Rosana, SP, 33º, 20º, 75% , 32% 
Rorainópolis, RR, 31º, 24º, 100% , 70% 
Rondon, PR, 33º, 18º, 77% , 31% 
Rolador, RS, 28º, 14º, 93% , 59% 
Rosário do Sul, RS, 25º, 12º, 98% , 66% 
Ronda Alta, RS, 26º, 13º, 91% , 53% 
Rondinha, RS, 27º, 13º, 86% , 50% 
Romelândia, SC, 29º, 13º, 91% , 43% 
Romaria, MG, 35º, 22º, 64% , 24% 
Rodolfo Fernandes, RN, 37º, 24º, 73% , 27% 
Rodeio Bonito, RS, 28º, 14º, 90% , 52% 
Rodrigues Alves, AC, 33º, 23º, 100% , 63% 
Rochedo, MS, 38º, 26º, 65% , 29% 
Riversul, SP, 26º, 16º, 83% , 47% 
Rochedo de Minas, MG, 24º, 18º, 91% , 58% 
Rodeio, SC, 20º, 10º, 96% , 65% 
Ritápolis, MG, 25º, 15º, 89% , 54% 
Rio Preto da Eva, AM, 36º, 25º, 89% , 46% 
Rio Verde, GO, 39º, 23º, 47% , 18% 
Rio Tinto, PB, 31º, 20º, 88% , 47% 
Riozinho, RS, 24º, 12º, 96% , 56% 
Rio Quente, GO, 38º, 24º, 55% , 22% 
Rio Real, BA, 31º, 21º, 96% , 49% 
Rio Verde de Mato Grosso, MS, 39º, 26º, 63% , 24% 
Rio Rufino, SC, 20º, 6º, 100% , 60% 
Rio Maria, PA, 37º, 25º, 76% , 39% 
Rio Novo do Sul, ES, 25º, 16º, 89% , 51% 
Rio Negrinho, SC, 20º, 10º, 100% , 66% 
Rio Piracicaba, MG, 25º, 18º, 83% , 56% 
Rio Novo, MG, 24º, 18º, 91% , 58% 
Rio Pardo, RS, 25º, 12º, 98% , 58% 
Rio Negro, PR, 24º, 11º, 98% , 56% 
Rio Largo, AL, 29º, 20º, 96% , 54% 
Rio Grande, RS, 20º, 16º, 94% , 77% 
Rio Fortuna, SC, 25º, 11º, 95% , 52% 
Rio Formoso, PE, 28º, 20º, 92% , 58% 
Rio dos Índios, RS, 27º, 14º, 91% , 48% 
Rio dos Bois, TO, 38º, 26º, 68% , 32% 
Rio do Oeste, SC, 22º, 9º, 100% , 60% 
Rio do Sul, SC, 21º, 10º, 100% , 60% 
Rio dos Cedros, SC, 21º, 13º, 90% , 63% 
Rio Doce, MG, 27º, 19º, 82% , 52% 
Rio do Fogo, RN, 29º, 25º, 83% , 61% 
Rio do Prado, MG, 27º, 19º, 96% , 59% 
Rio de Janeiro, RJ, 29º, 16º, 93% , 58% 
Rio do Campo, SC, 22º, 10º, 96% , 59% 
Rio das Ostras, RJ, 22º, 17º, 92% , 62% 
Rio das Flores, RJ, 27º, 16º, 84% , 47% 
Rio do Antônio, BA, 34º, 21º, 83% , 32% 
Rio Branco do Ivaí, PR, 27º, 13º, 89% , 41% 
Rio Casca, MG, 28º, 22º, 73% , 49% 
Rio Bananal, ES, 28º, 18º, 85% , 43% 
Rinópolis, SP, 35º, 17º, 77% , 23% 
Rio Bonito, RJ, 25º, 14º, 99% , 53% 
Rio Claro, SP, 33º, 14º, 97% , 31% 
Rifaina, SP, 36º, 21º, 78% , 26% 
Ribeirãozinho, MT, 40º, 25º, 59% , 23% 
Rio das Antas, SC, 24º, 10º, 91% , 49% 
Rio Azul, PR, 22º, 11º, 91% , 68% 
Ribeirão Preto, SP, 37º, 20º, 72% , 17% 
Ribeirão Pires, SP, 23º, 12º, 99% , 69% 
Ribeirão do Sul, SP, 31º, 15º, 86% , 33% 
Ribeirão do Largo, BA, 25º, 17º, 100% , 59% 
Ribeirão dos Índios, SP, 35º, 18º, 74% , 22% 
Ribeirão Vermelho, MG, 28º, 16º, 85% , 44% 
Ribeirão Claro, PR, 27º, 15º, 84% , 45% 
Ribeirão Bonito, SP, 33º, 16º, 82% , 31% 
Ribeirão Cascalheira, MT, 41º, 26º, 50% , 20% 
Ribeirão, PE, 30º, 21º, 96% , 53% 
Ribeira do Pombal, BA, 34º, 19º, 97% , 33% 
Ribamar Fiquene, MA, 38º, 27º, 71% , 36% 
Ribeira do Amparo, BA, 35º, 20º, 99% , 31% 
Ribeira, SP, 23º, 13º, 94% , 59% 
Riacho de Santana, BA, 35º, 21º, 80% , 30% 
Rianápolis, GO, 41º, 25º, 38% , 17% 
Rialma, GO, 40º, 25º, 37% , 18% 
Riachuelo, RN, 35º, 22º, 89% , 36% 
Riacho Frio, PI, 39º, 23º, 45% , 20% 
Riacho de Santo Antônio, PB, 32º, 20º, 90% , 34% 
Riachão do Poço, PB, 32º, 21º, 93% , 45% 
Riacho das Almas, PE, 31º, 18º, 96% , 41% 
Riacho da Cruz, RN, 37º, 24º, 69% , 30% 
Retirolândia, BA, 34º, 20º, 93% , 33% 
Riachão, MA, 37º, 27º, 64% , 34% 
Riachão, PB, 32º, 21º, 92% , 45% 
Reserva do Iguaçu, PR, 25º, 12º, 92% , 51% 
Reserva do Cabaçal, MT, 38º, 24º, 83% , 37% 
Riachão do Jacuípe, BA, 34º, 21º, 89% , 33% 
Ressaquinha, MG, 21º, 14º, 97% , 65% 
Resende, RJ, 29º, 16º, 85% , 44% 
Reserva, PR, 26º, 11º, 92% , 44% 
Reginópolis, SP, 33º, 17º, 81% , 35% 
Relvado, RS, 25º, 10º, 97% , 53% 
Remígio, PB, 33º, 19º, 83% , 27% 
Registro, SP, 23º, 18º, 92% , 76% 
Reduto, MG, 25º, 18º, 85% , 58% 
Renascença, PR, 27º, 12º, 94% , 48% 
Regente Feijó, SP, 35º, 17º, 85% , 19% 
Redenção do Gurguéia, PI, 40º, 25º, 50% , 22% 
Regeneração, PI, 40º, 28º, 58% , 24% 
Redenção, PA, 38º, 25º, 93% , 39% 
Redenção, CE, 34º, 23º, 88% , 43% 
Redentora, RS, 26º, 14º, 92% , 57% 
Recife, PE, 27º, 24º, 78% , 67% 
Recursolândia, TO, 38º, 24º, 67% , 32% 
Raul Soares, MG, 32º, 19º, 74% , 34% 
Rebouças, PR, 23º, 12º, 89% , 64% 
Recanto das Emas, DF, 36º, 24º, 43% , 20% 
Raposa, MA, 30º, 26º, 84% , 65% 
Realeza, PR, 29º, 15º, 84% , 47% 
Rancho Queimado, SC, 20º, 8º, 100% , 65% 
Ramilândia, PR, 32º, 20º, 63% , 36% 
Rancho Alegre d'Oeste, PR, 31º, 16º, 83% , 35% 
Rafael Jambeiro, BA, 34º, 20º, 99% , 37% 
Rafard, SP, 29º, 16º, 84% , 39% 
Rancho Alegre, PR, 32º, 16º, 78% , 29% 
Rafael Godeiro, RN, 36º, 23º, 71% , 30% 
Rafael Fernandes, RN, 37º, 24º, 74% , 27% 
Quixabá, PB, 36º, 22º, 78% , 28% 
Quixabeira, BA, 33º, 20º, 88% , 36% 
Quintana, SP, 33º, 16º, 80% , 27% 
Quinta do Sol, PR, 30º, 16º, 82% , 38% 
Quixaba, PE, 34º, 19º, 78% , 28% 
Quitandinha, PR, 21º, 10º, 98% , 61% 
Quissamã, RJ, 25º, 16º, 91% , 50% 
Quirinópolis, GO, 40º, 23º, 50% , 17% 
Quipapá, PE, 27º, 18º, 100% , 55% 
Quinze de Novembro, RS, 26º, 12º, 92% , 54% 
Quilombo, SC, 28º, 13º, 89% , 48% 
Queimadas, PB, 32º, 19º, 94% , 38% 
Queluzita, MG, 23º, 15º, 90% , 58% 
Queluz, SP, 22º, 14º, 95% , 63% 
Queiroz, SP, 35º, 17º, 76% , 27% 
Quevedos, RS, 27º, 13º, 88% , 60% 
Quatro Pontes, PR, 33º, 20º, 67% , 31% 
Pureza, RN, 31º, 22º, 85% , 46% 
Primeira Cruz, MA, 32º, 25º, 88% , 60% 
Presidente Prudente, SP, 37º, 17º, 80% , 14% 
Presidente Juscelino, MG, 34º, 22º, 68% , 35% 
Pontal do Araguaia, MT, 42º, 27º, 47% , 20% 
Piripiri, PI, 39º, 25º, 81% , 28% 
Paraguaçu Paulista, SP, 36º, 15º, 92% , 15% 
Paim Filho, RS, 25º, 12º, 88% , 51% 
Ipaporanga, CE, 37º, 23º, 82% , 32% 
Itapira, SP, 31º, 15º, 87% , 37% 
